, Tower - Primitive, Tower - Palisades, Clubman, Rock Thrower, Citizen, Female Citizen
 Tower - Primitive,1.0,1.25,30.864197530864196,40.0,76.92307692307692,76.92307692307692
 Tower - Palisades,0.7999999999999999,1.0,24.691358024691358,32.0,61.53846153846154,61.53846153846154
 Clubman,0.032400000000000005,0.0405,1.0,2.8800000000000003,6.6461538461538465,6.6461538461538465
 Rock Thrower,0.024999999999999998,0.03125,0.34722222222222215,1.0,1.153846153846154,1.153846153846154
 Citizen,0.013,0.01625,0.15046296296296294,0.8666666666666666,1.0,1.0
 Female Citizen,0.013,0.01625,0.15046296296296294,0.8666666666666666,1.0,1.0
